pair_id,class_a,class_b,first_seen,last_seen,impact_start,impact_end,confirmed,event_start,event_end,min_ttc,min_predicted_distance,min_current_distance,max_closing_speed,max_relative_speed,max_speed_drop,max_heading_change,contact,max_dist_pre,signals,reject_reason
25-68,truck,car,1.001,10.811,1.702,4.104,0,,,0.037,0.0,0.0,10.2,14.4,13.9,164.3,1,7.2,collocation|decel|heading_change|stop,no_pre_separation
834-847,truck,bus,28.428,32.633,28.629,31.031,0,,,0.085,0.4,0.4,35.6,44.4,51.6,171.7,1,32.7,collocation|decel|heading_change|speed_drop|stop,no_pre_separation
25-893,truck,car,29.63,34.835,30.631,33.033,0,,,0.048,0.2,0.3,14.0,54.2,11.5,101.8,1,21.7,collocation|decel|heading_change|stop,no_pre_separation
25-935,truck,car,31.431,36.737,31.832,34.234,0,,,0.484,0.6,0.6,13.9,21.5,11.2,169.6,1,16.6,collocation|heading_change|stop,no_pre_separation
25-996,truck,truck,33.133,37.638,33.333,35.736,0,,,0.288,0.0,0.7,2.5,21.5,16.7,159.9,1,2.9,collocation|decel|heading_change|stop,no_pre_separation
25-1016,truck,car,34.034,38.238,34.234,36.637,0,,,0.164,0.2,1.0,12.1,16.2,14.3,91.0,1,10.5,collocation|decel|heading_change|stop,no_pre_separation
25-1037,truck,car,34.935,39.439,35.135,37.538,0,,,0.235,0.6,0.6,13.0,25.1,16.2,12.9,1,15.3,collocation|decel|stop,no_pre_separation
25-1168,truck,car,39.64,43.844,39.840,42.242,0,,,1.199,0.5,0.5,2.0,30.9,24.4,8.0,1,2.8,collocation|stop,no_pre_separation
25-2034,truck,car,63.463,67.868,63.764,66.166,0,,,,1.5,1.5,0.0,51.0,16.6,92.1,1,17.8,collocation|decel|heading_change|stop,no_pre_separation
25-2063,truck,car,64.364,70.671,64.564,66.967,0,,,,0.1,0.1,0.0,24.3,23.8,2.0,1,3.5,collocation|decel|stop,no_pre_separation
2749-2795,truck,truck,86.286,90.891,86.486,88.889,0,,,0.059,1.1,2.6,192.7,193.5,174.7,86.1,1,115.7,decel|heading_change|speed_drop,no_pre_separation
25-2910,truck,car,89.289,93.493,89.690,92.092,0,,,0.446,0.8,0.8,14.2,30.9,13.0,159.6,1,18.5,collocation|decel|heading_change|stop,no_pre_separation
2749-2908,truck,truck,89.289,95.095,89.489,91.892,0,,,0.027,0.1,0.2,7.7,21.7,14.4,17.4,1,4.9,collocation|stop,no_pre_separation
25-2955,truck,car,90.591,94.695,90.991,93.393,0,,,0.444,0.3,0.3,4.1,21.1,21.1,7.4,1,2.6,collocation|decel|stop,no_pre_separation
2936-2955,car,car,90.591,94.194,90.791,93.193,0,,,,12.8,12.8,0.0,73.4,0.0,0.0,1,14.4,collocation,no_pre_separation
2749-3259,truck,car,97.698,101.802,98.198,100.600,0,,,,0.5,0.5,0.0,269.5,0.0,33.4,1,655.1,,no_pre_separation
2749-3315,truck,truck,98.899,103.203,99.299,101.702,0,,,0.078,0.2,1.4,45.0,269.5,0.0,16.9,1,970.2,,no_pre_separation
25-3481,truck,car,104.705,109.209,104.905,107.307,0,,,0.057,0.2,0.5,28.4,39.9,62.1,163.8,1,5.5,collocation|decel|heading_change|speed_drop|stop,no_pre_separation
25-3505,truck,car,105.606,110.911,105.806,108.208,0,,,0.103,0.3,0.3,13.6,32.4,15.4,0.0,1,15.4,collocation|decel|stop,no_pre_separation
3481-3505,car,car,105.606,109.209,105.806,108.208,0,,,0.082,2.2,2.6,39.7,66.0,0.0,0.0,1,3.3,collocation|stop,no_pre_separation
25-3614,truck,car,109.71,114.014,110.410,112.813,0,,,0.055,0.2,0.7,13.3,27.7,18.9,80.2,1,11.9,collocation|decel|heading_change|stop,no_pre_separation
25-3641,truck,car,110.711,114.915,111.011,113.413,0,,,44.692,2.1,2.1,0.1,23.6,15.3,50.2,1,4.4,collocation|decel|heading_change|stop,no_pre_separation
266-303,car,car,11.311,16.316,12.713,15.115,0,,,0.355,6.6,81.2,253.8,267.0,95.6,179.1,0,187.1,decel|heading_change|speed_drop|stop,no_contact
1099-1210,car,car,40.841,50.25,46.246,48.649,0,,,0.517,11.6,120.9,295.1,369.2,80.9,7.1,0,482.8,decel|speed_drop,no_contact
1074-1283,car,truck,42.643,46.747,42.843,45.245,0,,,0.231,7.4,7.4,127.7,749.9,294.1,9.7,0,97.0,decel|speed_drop,no_contact
1302-1320,car,car,44.244,57.858,53.754,56.156,0,,,0.777,14.0,102.6,355.0,414.6,369.0,41.0,0,553.3,decel|heading_change|speed_drop,no_contact
834-1888,truck,car,59.059,63.463,59.760,62.162,0,,,0.501,4.0,97.4,201.7,253.2,260.4,76.7,0,308.7,decel|heading_change|speed_drop,no_contact
2206-2784,car,person,85.986,108.008,102.102,104.504,0,,,0.627,3.9,80.6,174.3,234.7,2.7,49.1,0,1878.3,heading_change|stop,no_contact
2237-3229,car,person,97.197,101.602,97.798,100.200,0,,,0.853,12.4,193.8,291.8,298.0,22.4,6.1,0,314.1,decel|stop,no_contact
2952-3235,person,car,97.397,106.506,102.903,105.305,0,,,0.59,0.5,70.5,168.5,179.0,15.5,8.2,0,839.7,,no_contact
3235-3365,car,car,100.701,105.606,101.702,104.104,0,,,0.703,2.6,70.6,114.5,114.8,10.9,39.6,0,126.5,decel,no_contact
3235-3372,car,person,101.001,106.506,103.103,105.505,0,,,0.831,2.7,93.6,164.6,169.5,30.2,10.7,0,357.3,speed_drop,no_contact
1122-1175,car,car,40.04,51.652,46.747,49.149,1,48.048,49.149,0.05,1.1,4.9,262.6,262.7,328.1,27.5,1,439.0,decel|speed_drop,
1386-1505,car,car,49.449,69.67,52.352,54.755,1,52.653,54.755,0.245,4.2,10.3,267.1,288.1,71.4,15.4,1,709.3,decel|speed_drop,
1584-1725,car,car,54.454,65.065,61.361,63.764,1,61.562,63.764,0.06,3.9,4.9,242.0,265.5,199.3,24.9,1,624.1,decel|speed_drop,
