x,y,heading,speed,in_L0,in_L3
1762.4956787109375,680.7560302734374,190.33338066844092,170.95813939349796,0,1
2771.1722167968746,881.1569091796874,163.84061864429094,473.2434787325233,0,1
2190.481201171875,725.0679931640625,163.66251758510063,308.9096933380242,0,1
1115.244140625,372.106494140625,163.53812989705315,52.96905322482454,0,1
343.31948547363277,233.55254516601562,161.6289219976728,53.82726444826178,0,0
690.1896789550781,241.37340087890624,144.53864912006364,9.618105517090678,0,1
2613.5191406249996,839.0893798828125,164.11193483669726,478.7031468773259,0,1
2085.0722167968747,693.903076171875,163.3994106944751,322.4569453612176,0,1
1100.626611328125,367.6216186523437,163.48222934045302,47.47418249940511,0,1
324.64955749511716,227.63809204101562,162.43818676690162,57.790367382249535,0,0
685.1623901367187,242.33173828124998,158.34501668122292,15.004499313949996,0,1
2476.670141601562,790.1083740234375,163.5953346892625,461.9209756684438,0,1
1987.9308837890626,666.1478759765624,163.55194569361657,316.10288419283177,0,1
1090.1112670898438,363.68272705078124,162.6775098679351,39.72078304004685,0,1
1160.2490478515624,975.2926025390625,328.2911794124827,14.845863680701086,1,0
308.13221740722656,219.6196105957031,160.82217469275312,56.71131335163836,0,0
680.8223510742187,242.20480957031248,169.03583659364486,14.092135641098585,0,1
2351.7113525390623,758.878271484375,163.34371905003698,410.3189891678629,0,1
1897.7307861328122,640.131591796875,163.72526789170308,292.0663000828281,0,1
1083.7756713867186,362.997802734375,163.46889528283094,26.184522521400968,0,1
293.57508544921876,214.9253173828125,159.59338537123529,50.3112243756588,0,0
671.7641052246094,241.3043701171875,171.66757901544315,20.13628772160655,0,1
2242.2066650390625,736.428662109375,164.84805116109143,360.4344172009155,0,1
1814.4547119140625,617.4971191406249,163.96877764883746,269.9835571883616,0,1
1080.041748046875,361.7413696289062,165.71634747940476,15.367063998463792,0,1
282.66132202148435,210.5205871582031,159.892686135549,40.530483348599134,0,0
655.9049743652344,241.5459777832031,174.39471336457933,37.35177596336164,0,1
2137.8393310546876,708.5189208984375,165.60891451748464,329.2522065738209,0,1
1736.1361816406247,595.7335327148437,164.23610088793785,251.123117140857,0,1
1079.0203857421875,358.79908447265626,154.85254574650068,9.505978630958918,0,1
272.94769592285155,204.276708984375,157.01384060833263,34.785964083344616,0,0
637.163525390625,240.57158203125,176.1515252956588,51.860647308485234,0,1
2047.6805419921873,683.5827392578125,165.28596916960552,302.0627570332047,0,1
1661.279736328125,574.69775390625,164.29719919611807,238.32468025343383,0,1
263.83213806152344,199.837060546875,154.38021406773547,32.440945023631734,0,0
613.9845153808594,240.9504638671875,177.36536397963133,62.82420876418556,0,1
1965.891943359375,661.925244140625,165.10690052798262,266.9557386762454,0,1
1590.3778564453125,553.60810546875,164.13041748685697,227.3579935010946,0,1
255.95541687011718,194.7970458984375,152.96560811678714,29.15737221191274,0,0
586.0137634277344,240.67373657226562,178.46498998906702,76.64814781101762,0,1
1890.7020263671875,641.8948974609375,165.1151735135974,243.38603270279495,0,1
1522.16455078125,533.7791015624999,163.9220672259139,217.29496826896272,0,1
248.90762329101562,190.39654541015625,150.85319057192032,26.46306413358878,0,0
557.4670166015625,238.70839233398436,178.17029198543136,84.75817167114262,0,1
1819.0343994140624,621.66474609375,164.93679069766293,228.1861376523013,0,1
1456.7939941406248,514.7575927734375,163.86678378615872,208.46956919168136,0,1
1678.770263671875,516.119970703125,309.14039381788945,19.688574521231033,0,1
541.5334533691406,237.47076416015625,177.25469935504162,66.82639660959701,0,1
1752.4078857421873,603.6547119140624,164.77934005238768,215.0105862283703,0,1
1394.4268798828125,499.606787109375,164.32925997298713,198.14621139348452,0,1
1692.21884765625,584.5535156249999,164.342981340213,198.00318774641994,0,1
1333.548193359375,481.2524780273437,164.51409755350292,191.38697891820217,0,1
1633.0968017578125,567.7729248046875,163.91050481222953,186.69811712290783,0,1
1275.056396484375,466.42207031249995,164.49413574294246,185.66027028846042,0,1
1576.7742187499998,551.9222900390624,164.0329776668223,179.77184182062996,0,1
1217.2197143554686,454.3544677734375,165.4887263112607,178.9176776604657,0,1
1514.6073486328123,537.3009521484374,164.65088660985316,183.33412048181458,0,1
1159.2750366210937,437.64722900390626,165.71051344861732,178.7764086636949,0,1
1466.9709228515624,520.994970703125,164.49834626276663,170.94259124170915,0,1
1102.1850219726562,422.4791015625,165.23122521662194,178.87500989922998,0,1
768.8704467773437,329.95913085937497,163.16335477684865,115.95918433688425,0,1
1418.2264892578123,510.9576049804687,164.58420090459663,149.72453771641514,0,1
1049.9714721679686,405.59816894531247,164.60203798210824,170.68722382741743,0,1
734.7973388671875,317.1646362304687,162.33901128404972,114.38096582434164,0,1
1373.172802734375,498.4684204101562,165.34876157844525,144.5532311770333,0,1
1000.0412841796875,391.44825439453126,164.00179654404184,159.96990692476226,0,1
703.3197509765625,307.12897338867185,161.72247444691675,104.01489344089188,0,1
493.4374694824219,291.88505859375,162.53149056644753,96.02779917415161,0,1
1327.9892211914062,485.6176025390625,164.93503588260506,140.45108710631612,0,1
953.6672607421874,379.177734375,164.2645677688543,149.64426791731765,0,1
675.3695251464843,297.77927856445314,161.8069525280316,93.67081369291209,0,1
472.1596618652344,282.61468505859375,161.61317691630956,83.85177703749235,0,1
1284.1763305664062,473.9731201171875,164.8054289055382,138.3206319073566,0,1
912.2976928710937,364.3857421875,163.7022659281256,137.595712209447,0,1
649.9131591796875,288.40281372070314,161.3552138482091,84.8068857723063,0,1
444.04264526367183,275.3313354492187,161.55687281331237,78.06422535896765,0,1
1239.165234375,461.9571166992187,164.91693252696643,137.74415550616726,0,1
876.155712890625,350.6700073242187,162.144216431081,123.75781362410252,0,1
627.3425720214843,280.59466552734375,160.9380037535196,76.43678489174933,0,1
422.0905883789062,270.0924133300781,163.31747086347022,77.33951053065722,0,0
1197.34189453125,451.33348388671874,165.1049793607991,134.47139000885852,0,1
844.3998046875,339.238623046875,161.15734839891127,108.49917480335213,0,1
605.6532348632812,271.9646850585937,160.41280688535576,70.75010975803563,0,1
402.96661376953125,265.4578491210937,164.58415050198298,63.3057223201978,0,0
1156.1720947265624,439.2240966796875,164.9356233602617,128.94647996831137,0,1
814.2111328125,326.470166015625,160.15878588665038,99.65613302698505,0,1
586.5444763183593,264.23594970703124,159.50800905434957,65.86748857385435,0,1
385.05234375,259.19262084960934,164.19114843050636,57.85529815546811,0,0
1112.7813354492187,427.99046630859374,164.78848825815092,131.45355850334337,0,1
786.9185302734375,315.8553955078125,159.24072781713986,92.99010468925681,0,1
569.0951110839843,257.0977111816406,158.8528288355845,59.13906601379334,0,1
364.6076293945313,251.84066162109374,162.69687781433282,60.995444222746094,0,0
1072.48095703125,413.61668701171874,164.06796911860528,131.15052529786348,0,1
760.1728271484375,305.1836242675781,158.94433129713855,87.03256633039612,0,1
442.6606018066406,895.9543212890625,5.205716440994024,11.143484602598281,1,0
550.0122802734375,249.1729797363281,158.34875596875557,59.21440896144306,0,1
352.5799163818359,246.73742065429687,161.22415366495645,52.1166358884294,0,0
1036.2783325195312,400.77509765625,162.60772799332557,121.67782108314535,0,1
733.8118286132812,293.0304016113281,158.0634825987718,86.61937662186499,0,1
341.5908782958984,244.99022827148437,162.10469718466845,35.98585964389992,0,0
998.102490234375,391.97662353515625,163.07579475125215,116.07776676996899,0,1
707.7625122070312,281.81129150390626,157.22431400620403,85.99240711863168,0,1
331.6037933349609,242.0763977050781,164.25164686195717,32.199407196791526,0,0
960.699169921875,382.40211181640626,164.38014195736855,116.553909200263,0,1
681.0997192382813,273.80377807617185,158.31885736370694,84.0795493913827,0,1
324.5183624267578,238.08316040039062,161.74023031406819,27.59759680116451,0,0
923.6005737304688,371.05825195312497,164.35469212992828,115.95839761136078,0,1
653.5616638183594,264.16860351562497,159.77916765961064,85.41453816581628,0,1
317.95985412597656,235.027880859375,158.11571095985684,23.01254693055768,0,0
889.9010009765625,361.20201416015624,163.94480661927074,110.74549451905871,0,1
625.5107299804688,253.71123046875,159.91857854287,88.57457414694707,0,1
313.06349487304686,231.87824707031248,155.49195595225083,19.521681332821434,0,0
856.1865600585937,347.90797119140626,162.7858015462669,106.81052045105633,0,1
599.3527038574218,247.32553710937498,161.04700720469532,85.06289954540526,0,1
310.9278259277344,228.79674682617187,148.67741416511305,14.079253100228584,0,0
823.5729125976562,337.5260375976562,161.81382081208307,105.5350165813874,0,1
572.7410522460937,239.47056884765624,162.5872692355865,81.90425004500453,0,1
789.7515014648437,327.46376953124997,162.24636731640055,104.16021712107289,0,1
553.52783203125,233.0284423828125,162.62131373678548,71.93315721761005,0,1
758.6932617187499,317.3411499023437,162.43518644374154,101.8187252109486,0,1
526.19619140625,224.4400634765625,162.41415936350208,73.29403769244152,0,1
307.0940734863281,223.11710815429686,131.5780044520063,8.207144987658207,0,0
730.1337890625,307.06618652343747,161.9059714934811,94.42144656225744,0,1
700.331982421875,295.6918212890625,161.0025754643745,93.27774446687437,0,1
673.8627319335938,285.87498779296874,160.34716739533542,90.10342318259663,0,1
646.8996643066406,277.7571166992187,160.78651281139955,84.45842452701577,0,1
622.5300842285156,268.9336853027344,161.1661362093315,81.00295977995286,0,1
600.5292846679688,259.92734985351564,160.2868278147686,74.44570968880075,0,1
2100.5504882812497,885.463037109375,159.3600487130087,438.811721262712,0,0
1965.6410888671876,836.8721191406249,159.4513152804034,432.2903060685002,0,0
734.0062866210938,818.3584716796875,333.23511515034176,182.56971901421312,1,0
1833.0160400390623,786.0270263671874,159.51524156027568,427.69606263838034,0,0
785.5826293945313,839.3770751953125,334.0504770472173,182.17320505589808,1,0
1701.8625732421874,738.040283203125,159.49321041246992,422.10645290756685,0,0
831.7840209960937,859.1211181640625,335.37796200216206,158.74272689442785,1,0
1579.7574462890625,690.7434814453125,159.44879896740338,405.47930212296126,0,0
870.982763671875,876.8647705078125,335.7468543094495,139.75894736355986,1,0
2555.414208984375,919.8286376953125,157.78689450465677,222.51363902348965,0,1
1467.5321044921875,648.0763916015625,159.26818383241653,376.1336382768183,1,0
903.8597900390624,891.274365234375,335.83138712472606,118.26535895486128,1,0
2483.6401611328124,884.468701171875,156.46537424186855,230.83615911995125,0,1
1355.8468505859373,582.226318359375,157.21814275139948,372.8587603353468,1,1
929.7450073242187,905.7930908203125,335.0145272710095,98.1472609732545,1,0
1261.75634765625,563.218359375,157.36675556422222,333.54552300813936,1,0
949.0920043945312,914.5291259765625,334.1252855793775,76.2137495714304,1,0
1164.2022216796875,532.1055541992188,160.55754062878654,296.8385653742723,1,0
962.5710571289062,923.1529541015625,333.326426838938,55.64496004185997,1,0
533.9977478027344,570.9657348632812,337.1398171363458,129.06186616185875,1,0
1072.9740600585938,498.91054687499997,160.8100555163595,298.8533744846156,0,0
972.8622070312499,925.1135742187499,334.39483246275086,38.99137405416056,1,0
575.3991394042969,591.5290283203125,335.8122580322196,140.40823496151467,1,0
1064.6470458984375,809.0653564453124,338.3725859438908,146.84937861564632,1,0
690.5716186523437,897.77783203125,326.21491612615455,136.9428130737022,1,0
986.917529296875,468.1651611328125,160.5529924419443,282.4118241309006,0,0
978.0039184570312,927.5050048828125,338.33754088248673,24.0281131272148,1,0
614.8285034179687,611.7290405273437,334.7825506517902,135.6558417546745,1,0
1109.5956298828123,832.4217041015625,336.7354106959428,156.83445833287442,1,0
727.9906860351562,925.583935546875,326.08485028811134,142.59205706289478,1,0
2260.3951171874996,908.005810546875,165.01038352278258,497.2301037745554,0,1
907.8705322265625,439.3157958984375,160.3928986405965,263.03166217861474,0,0
980.614453125,927.2583251953124,340.8166294714084,12.053139422714032,1,0
1151.3681396484376,846.7379150390625,336.64899231807277,141.68384977319874,1,0
759.6832397460937,944.0715820312499,326.12460213689013,124.65089471961281,1,0
2097.9810791015625,862.3706542968749,164.66958139842436,507.41038616846924,0,1
834.2373413085937,413.0492797851562,160.29612755216374,243.24238431046678,0,0
1186.876904296875,862.9828857421875,337.35879013445793,124.53242765179647,1,0
788.5350219726563,966.6779296875,326.0082042620033,109.65031132870143,1,0
1939.015283203125,815.816162109375,164.399412037219,501.0105448398991,0,1
1219.4068725585937,878.1731689453125,336.4961219183028,112.31210614621718,1,0
812.3315551757812,982.5753662109374,325.13313328535537,97.74074685344904,1,0
1374.483984375,816.4383544921875,336.7006414299027,210.80706977496828,1,0
1785.889306640625,771.4156494140625,164.1404223004433,487.1261392052101,0,0
2721.4472167968747,935.6756835937499,165.80323654342445,357.39008816883995,0,1
1246.632421875,892.07607421875,335.513642556158,99.59270823679792,1,0
831.7803222656249,993.0016845703125,326.5481984148282,75.86467886842706,1,0
1427.6769287109373,839.781591796875,336.3677678322017,198.93882150374557,1,0
1643.9082275390624,726.502294921875,163.74889772285422,462.02750496368856,0,0
2598.73505859375,899.8305908203125,165.1954509781361,375.3785530845304,0,1
1270.308984375,902.2763671875,335.1727779751294,84.39622636817883,1,0
1476.2101318359373,860.9975830078125,336.3586928579389,166.41959820368808,1,0
1683.0706787109375,509.84813232421874,171.39061711571384,8.100106718134986,0,1
1512.01904296875,683.6996337890624,163.14558507635485,430.9306307326587,1,0
2483.2112548828127,859.3833251953125,164.01444125978878,374.85576581644096,0,1
1290.2036499023436,912.1210693359375,335.2217264969919,71.86957131904957,1,0
1512.413525390625,875.993115234375,336.5595904964586,138.08644757107402,1,0
1389.2436767578124,644.521728515625,162.7496741642231,400.9012356376118,1,0
2347.5213134765627,814.61484375,162.91355933524005,397.51284877836906,0,1
858.8660522460937,723.8452880859375,333.92717967646297,114.06590447326849,1,0
1305.3049804687498,917.5552001953125,335.6988336482615,57.221618990063234,1,0
1539.536572265625,887.6595703125,336.80283892369914,102.96242533986792,1,0
1269.7312499999998,587.9345581054687,161.0231731430121,390.40011891946756,1,0
2215.5878173828123,788.25234375,163.79438280195657,414.9575521864233,0,1
2641.44580078125,939.3364746093749,162.68651062187726,338.2610443788525,0,1
888.9281616210938,743.139990234375,332.93607069644565,107.39589699886062,1,0
1316.0405639648438,922.2404296875,336.863926161574,41.580313683887056,1,0
1555.4945068359375,895.76162109375,336.22214338561673,71.02904668434333,1,0
1163.6095825195312,559.5521850585938,160.3597329341442,361.29293080446297,1,0
2097.172265625,754.107861328125,164.84171747856075,385.9499357058784,0,1
2541.009814453125,896.2677978515625,161.14006090674013,332.8134556856223,0,1
918.4484252929688,754.3229736328125,332.92534793555416,100.2871329550729,1,0
1323.369140625,925.9609863281249,336.1367768831278,29.85634491900528,1,0
1561.004736328125,898.5684082031249,334.9585037190349,36.085111266501876,1,0
1065.955810546875,531.8341552734374,162.05884056915258,316.71843903568146,1,0
1979.5406982421873,716.050634765625,164.10193509403217,369.89418829665004,0,1
2452.3012939453124,856.5881103515625,159.23252521334243,309.37047480172924,0,1
945.7517211914062,759.7611328125,337.23343615414007,88.71811400716051,1,0
1328.2691162109375,928.4041992187499,334.9819588508462,20.520693388477923,1,0
1561.469384765625,898.2295166015625,335.9979643641507,9.687052999839093,1,0
978.566015625,503.0342651367187,162.44159975273996,289.93350296113556,1,0
1863.6188232421873,681.8822021484375,163.58753815969007,366.3330692466086,0,1
2359.1704833984377,810.5078613281249,157.4396243857667,301.2707692470163,0,1
966.4484252929688,769.3201904296875,339.39966251166794,75.3571434860045,1,0
1329.4836181640626,929.7474609374999,332.28180172486867,10.777156263630594,1,0
897.8482177734375,476.4287475585937,162.1684229723094,265.2386678801921,1,0
1752.8217041015623,654.443994140625,164.07172713362672,352.05818721546467,0,1
2271.044677734375,777.4505126953125,157.02924013215235,296.37283796228735,0,1
986.138525390625,777.15673828125,338.31869670645835,65.89490668686157,1,0
1645.56298828125,624.1305908203125,164.50940455316504,338.0228650724794,0,1
2187.503466796875,738.1254638671875,157.07256923418478,279.17519695513147,0,1
994.0798461914062,788.203125,333.2519515328687,50.15080971316858,1,0
1547.654296875,594.3665405273438,164.1771739543495,320.3534250424743,0,1
2104.2498779296875,702.2652099609375,156.53786242317275,274.16162999634656,0,1
1020.8341186523437,793.03974609375,334.1121948592615,57.18023576240934,1,0
1445.296142578125,562.3945678710937,163.65314490365623,314.035814732867,0,1
2020.62216796875,670.5287109375,157.10237910271135,269.8080511611376,0,1
1039.4087768554687,799.941357421875,338.66003177596764,70.16601145400203,1,0
760.7939208984375,812.117138671875,331.8467915136616,29.240957697106936,1,0
1349.2173339843748,534.5575561523438,163.4827553708993,310.5708718354355,0,1
1937.523193359375,641.0501220703125,158.1969753570689,266.14784812402223,0,1
1053.4031616210937,803.0335693359375,340.3725583829712,51.05073877506498,1,0
768.64921875,813.5287353515624,336.44094851866737,29.303199328804762,1,0
1257.99873046875,513.1460815429688,164.19684091340116,290.2057520065839,0,1
710.8264526367187,621.2706298828125,358.8356650041535,47.21759507808337,1,0
1855.072998046875,610.702734375,158.9706706911568,263.77744859447364,0,1
1061.53037109375,807.2364990234374,340.9230362463719,34.90524431057148,1,0
2720.476904296875,935.1100341796874,165.9285762335992,423.4871640545368,0,1
776.8692260742187,815.5177001953125,341.0868761320012,24.621946255639195,1,0
473.68450927734375,788.5740966796875,324.7394325689416,108.49518406471941,1,0
1171.7503051757812,488.8142578125,164.73660364531108,274.626701466671,0,1
1777.320703125,586.604443359375,159.87416018935025,253.54879962740563,0,1
1068.61025390625,808.1357666015625,341.1348855600521,24.036266383206957,1,0
2593.4722412109377,905.29775390625,165.88937429771528,404.4774145609497,0,1
782.558056640625,813.5396484375,348.63414362657227,20.842420837029405,1,0
499.1928588867187,803.3504150390625,324.86965477009846,99.16317286314072,1,0
1091.9372680664062,465.86733398437497,164.48516695687744,258.73219592378354,0,1
1705.466748046875,565.45576171875,161.19352136132395,234.2140037132075,0,1
1070.0975463867187,809.515283203125,342.7228423226548,13.28431085277005,1,0
2486.513891601562,872.229345703125,165.51621843741643,363.0355234427375,0,1
522.8423217773437,815.8618652343749,327.3078358323908,84.25141065219375,1,0
1016.6327270507812,443.81231689453125,164.21980485017806,242.02834724980374,0,1
1639.1431640625,547.6519042968749,162.4188104308295,215.12935826972785,0,1
2352.3514892578123,838.273828125,165.09603317455588,375.0190448553822,0,1
541.940020751953,824.8897705078125,329.68768916164436,71.72899025035957,1,0
946.9636962890625,424.12049560546876,164.10613292564594,226.07086639559827,0,1
1581.189404296875,528.8990112304688,162.89469097617936,194.11960069612311,0,1
2228.190966796875,807.7204833984375,165.44912402202124,398.98464707793255,0,1
563.3624633789062,836.78818359375,330.8871145703252,68.33877722578451,1,0
882.3784790039062,406.163818359375,164.19771028030974,208.94083387628828,0,1
1534.1285888671873,510.69001464843745,161.98061648899503,166.82731973975808,0,1
2109.009228515625,777.9031494140625,165.696203657712,375.7029697837496,0,1
566.7148132324219,848.796240234375,324.94101700882186,51.59089823410737,1,0
562.0899719238281,570.5795288085938,329.2694755673117,58.792559251878565,1,0
1339.4794189453123,371.7498413085937,167.6282943644888,87.93640368904667,0,1
820.5327758789062,386.96282958984375,163.96746492163803,197.4696924863848,0,1
1501.53017578125,496.87075195312497,160.42701890200397,128.6566479488609,0,1
1990.2226318359376,745.8262939453125,165.58601303949015,368.46021687767245,0,1
2889.84990234375,897.9952880859374,163.7867483487152,433.70130607399926,0,1
573.0643798828125,857.3742919921875,313.0581227379572,34.10251779518007,1,0
581.1425537109375,587.4819580078125,328.14564026028813,62.53879808499125,1,0
1211.74453125,738.4976074218749,359.89453064047655,54.97256207452021,1,0
1306.6786010742187,367.627294921875,168.13168549661322,96.79026265464675,0,1
1685.3657958984375,514.5439086914063,131.4077151509047,18.062859636189994,0,1
1874.7357421875,713.7681152343749,165.22750679908853,363.9766335960619,0,1
2763.0416015624996,853.0377685546874,163.05310107490772,417.1639827686107,0,1
576.9023803710937,861.2294677734375,311.5671078826083,24.086828962372937,1,0
2490.822729492187,914.8177734375,164.59089365116003,442.2737332906604,0,1
593.5239624023437,587.8663330078125,329.3641249565068,53.75693951442003,1,0
1224.0442749023437,740.4696533203124,356.4187037668338,48.89157090217986,1,0
1272.893115234375,360.9377197265625,169.18979076005175,101.08653663797264,0,1
1683.606591796875,513.6425903320312,155.1619516849786,10.05716422921466,0,1
1762.6497802734375,682.7668212890625,164.94137321300812,353.86820153006687,0,1
2649.512255859375,810.8800048828125,161.86222795002644,383.0753031315031,0,1
579.585205078125,866.191845703125,309.53384530297944,16.43374658720995,1,0
2359.970434570312,868.115478515625,163.51866158674486,422.6473976014076,0,1
609.2673522949219,596.1631347656249,334.7569978521165,44.10706542073935,1,0
1231.50966796875,745.441259765625,350.10850722070575,31.392620635295582,1,0
1238.472509765625,351.99367675781247,168.34993550711692,104.85743124481131,0,1
1653.5178955078125,649.8030029296875,164.51393643082645,345.0749019146187,0,1
2550.301611328125,772.0773193359374,160.78339646379504,341.09560425518043,0,1
580.878369140625,868.6220947265625,305.02941539219114,12.578437999044281,1,0
2208.330322265625,813.9296630859375,162.24981375661477,449.5014232781543,0,1
626.4510498046875,600.53759765625,336.43495008298834,52.86873907222467,1,0
1238.6018554687498,749.6789794921875,341.1379005533911,25.81317656948334,1,0
1200.3622924804686,345.575537109375,168.226506767814,111.09867173660248,0,1
1571.2736572265626,616.8175048828125,163.10266315002295,303.327696435709,0,1
2468.2029785156246,737.984326171875,159.70896967065775,292.8289487438953,0,1
2114.7104003906247,766.5404296875,160.3510833784978,397.79492668946455,0,1
640.2615417480469,606.5495727539062,338.45038020616903,48.9833041844326,1,0
1261.0714965820312,755.1980712890625,341.3765999351209,46.64883739677823,1,0
1475.3378173828123,469.1710327148437,140.76997141244922,32.48810848203907,0,1
1161.6955810546874,338.98817138671876,169.0901989363002,116.68930323372673,0,1
1453.3128662109375,578.9976196289062,162.07084909074266,318.2171437430821,0,1
2399.515356445312,703.52109375,158.04565618835073,248.21106957494652,0,1
654.6355773925782,613.5171020507812,337.1794447670108,46.497879243890075,1,0
1271.8190185546873,757.219189453125,343.7102538047836,51.042284597675184,1,0
1123.1223632812498,332.34166259765624,169.56517953953946,117.43072841883287,0,1
1684.968896484375,514.8742309570313,171.69346517063252,20.313428552328155,0,1
1353.1688232421875,553.9268920898437,162.80853474965238,340.1464648957584,0,1
2334.387890625,671.3899658203125,156.24432419326,223.98104744226663,0,1
668.9591674804688,618.0093017578125,337.6004080863781,46.30537206168998,1,0
1277.8818237304686,757.0279541015625,347.741171051743,25.33910515007059,1,0
279.21434326171874,576.4270751953125,302.0858590608875,27.793159243227162,1,0
1086.3595458984375,321.696533203125,168.56830331120432,115.82669192960971,0,1
1260.881945800781,527.8827392578124,163.7348016428567,298.3575946009222,0,1
2273.6033203125,645.826025390625,155.89936706406414,207.54414405902827,0,1
680.5355529785156,619.8150146484375,341.0934609829613,39.9420912048858,1,0
1281.9226684570312,761.98154296875,342.54996772545405,16.73791644594153,1,0
286.608609008789,579.0956909179687,304.65828886032915,32.017541733569395,1,0
1047.0049438476562,311.21751708984374,166.9368116095338,118.37299755530735,0,1
1178.97509765625,503.1910766601562,163.74537115462888,271.8761502101771,0,1
2212.822265625,620.807958984375,156.50297534366086,197.3062793682868,0,1
687.6217529296875,620.9302001953125,345.0979758059976,28.306361846834516,1,0
1284.13740234375,764.38916015625,329.6731804256002,14.47583614547347,1,0
290.0777893066406,577.0518310546875,325.47839335413454,16.30578827692168,1,0
1010.3843627929687,307.3226806640625,167.87678846606045,115.86853210276536,0,1
1101.4022094726563,478.4735961914062,163.36172594423883,250.1871540416177,0,1
2150.75185546875,592.8696533203125,156.57420558388677,200.4682499237997,0,1
693.1026855468749,621.2824951171875,348.39464956515485,18.959823588763584,1,0
1285.6097534179687,769.4638916015625,316.29700600608237,12.499706625084656,1,0
1420.946484375,448.871044921875,148.49014779483608,35.96333838468353,0,1
972.6300292968749,303.73809814453125,170.4290446816994,112.01305840173153,0,1
1600.9127197265625,632.0862304687499,163.49947447650703,233.98791823451896,0,1
1031.8762939453125,457.27265625,163.0825171545358,230.9178624044272,0,1
2087.3010498046874,570.0814819335938,157.1425434947144,202.87270427074188,0,1
696.4131958007813,620.81923828125,353.32603972399806,13.17503961134408,1,0
1287.592639160156,770.949462890625,308.88831002109737,11.110783174430873,1,0
1412.645654296875,445.47960205078124,152.94714540216134,30.078011699902657,0,1
938.9242309570311,296.68846435546874,170.8717244168003,108.26232061885787,0,1
1516.1239013671875,607.1631591796875,162.9411705503358,244.16366795228762,0,1
963.6948486328124,435.6403564453125,162.93828426692494,216.10658807754965,0,1
1405.7408935546873,445.6761108398437,159.0218349584022,23.283144958944703,0,1
541.4583618164062,581.260986328125,348.8259970856247,15.725416360550144,1,0
903.7293823242187,290.8347473144531,170.2801599625913,105.04266361551811,0,1
1437.750439453125,578.6719482421875,162.51396410894765,257.2670702496715,0,1
901.2246459960937,416.26959228515625,162.7934967787782,205.196811027968,0,1
1400.839306640625,445.5421142578125,167.5344476358407,17.69207764704441,0,1
869.1996093749999,288.26275634765625,171.41195055689798,105.24256079991692,0,1
1363.313232421875,557.3846557617187,162.29111259624707,240.83021714981322,0,1
842.4466552734375,399.5002807617187,163.0370668341427,189.5899302832749,0,1
1397.28603515625,445.08889160156247,170.93146439034624,12.700138969024449,0,1
836.4945922851562,284.50169677734374,172.694775038471,101.1973967276744,0,1
1291.8540893554687,533.1905639648437,162.44897865245588,229.00270953182147,0,1
787.4170166015624,377.8333740234375,162.35769860164072,180.00439728886462,0,1
1394.5549804687498,444.773876953125,171.77102619473027,9.487176657519356,0,1
804.91962890625,281.25494384765625,173.12813623198653,96.89437832942772,0,1
1223.083154296875,512.8844970703125,162.42692861129683,220.46180436723435,0,1
737.101904296875,360.050830078125,161.20266095460033,168.56493903835843,0,1
2812.44580078125,895.780224609375,162.03634047993063,331.82926714884877,0,1
774.945391845703,277.1120361328125,173.13839344535535,92.89393367190343,0,1
1156.8554077148438,493.57957763671874,162.91511079064497,210.82416614549936,0,1
2722.5503906249996,859.9434082031249,160.86803395623036,302.3366225807418,0,1
735.1203186035156,273.6416381835937,173.39308232043996,105.21472080524659,0,1
1096.8700561523438,476.38264160156245,163.29694663347743,196.88126590110718,0,1
2644.5056396484374,827.93056640625,159.72112202768616,271.42108183109656,0,1
704.6348144531249,269.56166381835936,173.5841387174331,105.96626000385068,0,1
1039.11708984375,458.7088256835937,163.37904963277808,184.00647070714575,0,1
295.7735961914062,583.029931640625,315.2041178809841,10.004428737331546,1,0
2575.5166992187496,798.9932373046875,158.82644454285224,238.51055628475802,0,1
672.6273559570312,264.4348571777344,172.79815593229847,94.6566187966599,0,1
984.2000976562499,441.38367919921876,163.12483061530867,176.79426428115602,0,1
2516.317529296875,768.5197998046875,157.34942845612935,211.7177972621133,0,1
638.710986328125,261.0407775878906,172.73295425818756,99.60872787351633,0,1
933.4739501953125,424.1466430664062,162.6284932045942,166.56312589078385,0,1
1327.1986450195313,925.6568847656249,341.18733245869964,13.206953875781071,1,0
312.14696960449214,581.4233276367187,335.364107647451,24.653357098302376,1,0
2466.2210449218746,740.9691650390624,155.22428611630232,185.4290888604483,0,1
625.1486389160157,257.2349853515625,172.19062224755484,71.96032503293557,0,1
885.5952392578124,409.4916137695312,162.4079282474423,155.29581983579956,0,1
1341.6733520507812,928.550390625,345.8350769142066,32.3859576086004,1,0
302.5741882324219,581.0042358398438,346.3642859604289,11.438729852830994,1,0
2419.8851806640623,720.8176025390625,154.60648166972928,161.21743463966718,0,1
611.7728393554687,250.88510742187498,167.0518045494793,43.140226332945524,0,1
992.5400390625,929.4958740234374,6.803322895261509,42.32182649192025,1,0
1367.9302734375,940.9656005859374,343.2616854827122,65.20500451487301,1,0
1554.7587890625,887.246337890625,356.52932706126245,12.31593235737082,1,0
2378.3726806640625,700.9480224609375,154.96684077403907,144.65800306044264,0,1
597.2870178222656,244.85073852539062,162.64519136510398,45.68929593094181,0,1
1015.3015502929686,940.4064697265625,352.6474926471033,63.44140979203899,1,0
1071.1198974609374,811.3575439453125,353.52381262303965,14.737702594631537,1,0
1561.38515625,884.7371337890625,8.425335906281646,22.20703948245165,1,0
2341.97255859375,678.481201171875,153.5725408916088,132.87532745282041,0,1
583.6565002441406,239.69533081054686,160.90646296418288,45.346438695597925,0,1
1046.7788452148438,953.6084472656249,346.00122876413684,88.9466901788888,1,0
1077.1999877929686,815.33203125,344.72784812120494,22.367777049708376,1,0
2307.781494140625,659.801220703125,152.04855499766288,122.43935545348185,0,1
556.1259521484375,233.93012695312498,162.60026094184883,63.81387737836744,0,1
1084.2454833984375,974.9819824218749,340.9471967233185,115.57645860837019,1,0
1087.181103515625,817.479345703125,342.4908797660457,25.75674299150768,1,0
1566.356689453125,893.2642089843749,344.88722042817466,14.790988153676388,1,0
2271.7623046874996,643.193701171875,152.55553727605795,117.75101784023286,0,1
1098.5459838867187,824.2111083984374,340.4603882488044,34.643901491088045,1,0
1582.5287109375,890.837841796875,345.1535621564661,35.12483149331399,1,0
655.592138671875,911.3499755859375,307.00208762231864,130.91423613085732,1,0
2235.828515625,627.8385498046874,153.9526973555688,117.98112030947145,0,1
1116.6708251953123,836.62880859375,335.07699075520765,52.68987008793763,1,0
1608.9919921874998,892.947509765625,351.2623736353181,63.89082760431162,1,0
1361.079052734375,380.4564697265625,168.62682545751846,36.525523401073286,0,1
697.4454711914062,923.3771484375,324.1974605902903,182.42357414312744,1,0
1318.9954101562498,811.0201171875,312.809588550172,32.81122223005014,1,0
2199.9939697265627,609.9768310546875,154.43708510430784,118.50536372574794,0,1
1142.5131958007812,851.4618896484375,332.32997697206986,77.51354138777762,1,0
1355.6176391601562,380.05400390625,170.28374536607492,24.267047526628694,0,1
721.0903747558593,940.9699951171874,328.78498437295576,107.7188553093012,1,0
1339.8881469726562,818.703076171875,323.3736042437867,54.92305837700876,1,0
2161.614697265625,591.9564331054687,154.34081049432868,123.52613440763736,0,1
1176.6755859374998,861.9629150390625,334.2421664955587,97.60282495045195,1,0
1033.9017333984375,902.7668701171875,341.0753687400031,124.44190023322327,1,0
1354.1385498046875,380.99575195312497,175.94744623235897,10.431702372279066,0,1
764.5024841308593,960.386572265625,329.7130957671642,114.77328519790356,1,0
1365.56103515625,827.552197265625,330.2056567474557,74.04579623367036,1,0
2119.5,576.8385498046874,155.6539646858147,130.4421656230173,0,1
1216.2642700195313,875.44716796875,337.3390881452353,116.21373803782922,1,0
807.7060546875,981.24580078125,331.8525920229537,143.13957814035157,1,0
1399.7031738281248,844.0261962890625,332.945106860152,97.33453993104185,1,0
2076.67470703125,561.0780395507812,157.40125138873714,135.4323497426536,0,1
1255.0074096679687,889.7810302734375,338.58282714766096,124.5625451456739,1,0
1443.3331054687499,861.7339599609375,334.2766369732602,127.30110075187675,1,0
1300.8277221679687,909.535986328125,338.3676498970497,136.62706036030926,1,0
1495.352783203125,883.1921630859375,335.65886522013767,154.88171602666347,1,0
1351.4389892578124,929.9987548828125,337.9649700753414,156.56662425263178,1,0
1555.0198974609375,906.5006103515625,336.6584970900875,180.30648834324654,1,0
2437.93447265625,893.3874755859375,157.84015435344506,436.15752708849476,0,1
292.91505432128906,586.8575317382812,182.08739412127514,9.836084644494054,1,0
2295.0416748046873,835.0912353515624,157.52191629619895,435.6767433780921,0,1
677.574169921875,903.5287353515624,327.2825499472696,132.15849918148135,1,0
2163.107958984375,789.0674560546875,158.19874570378127,440.4989843431151,0,1
729.5677368164063,932.2890380859375,328.2640011425933,170.01416678532448,1,0
2224.0779052734374,908.4098876953125,158.42027385737,493.02904969213284,0,1
2036.974365234375,743.1690673828125,159.076998729948,410.5139897504176,0,1
788.0677001953125,965.9923095703125,329.1663616803533,190.20062440939824,1,0
813.6578613281249,566.1358520507812,341.8443194015986,70.96467190840676,1,0
296.14906311035156,583.432470703125,143.75251183014515,8.704364394140146,1,0
2080.5479736328125,856.635498046875,159.14429532109074,470.08757234614154,0,1
844.0029052734375,582.8997802734375,340.0746952877929,90.33948052636853,1,0
1945.4947998046873,806.5885986328125,159.4556946462199,444.46706740620715,0,1
1231.695556640625,770.849853515625,327.93138896849774,123.46688650390207,1,0
1376.7890991210938,943.4488769531249,324.8128768359933,171.43398231363747,1,0
874.5662841796875,601.1388061523437,336.0907400350079,105.26951984045539,1,0
1818.9075439453125,761.1052734374999,159.65015166472728,417.38509346212993,0,1
1297.4302368164062,792.72890625,331.41813629501775,161.1203479120367,1,0
911.653271484375,606.80537109375,337.86969773360113,107.5173448948296,1,0
301.911181640625,593.681982421875,187.96817489398862,21.024334690642377,1,0
1702.2799072265625,718.2021240234375,159.80145148067675,387.7780614295516,0,1
1365.204455566406,821.309912109375,334.56919197877534,213.8758205982911,1,0
1592.5427490234374,677.8660400390625,159.80504399055857,361.41479821579696,0,1
1435.7883544921874,851.859814453125,335.48523921025657,225.47061778728795,1,0
1086.4670288085938,806.18525390625,339.62581842151195,154.17903247115126,1,0
1491.4292724609375,640.344580078125,159.77626896046547,336.812296397505,0,1
1508.1309082031248,880.3146240234374,336.3181693371336,231.70887727702265,1,0
1585.1909912109375,913.858154296875,336.7760128977033,242.39132336662877,1,0
1681.6780517578125,505.108154296875,166.21695014216814,16.853377225058832,0,1
1065.1977172851562,822.664892578125,335.25476875671836,211.9112516967504,1,0
445.3477294921875,625.041357421875,325.11151710445375,86.14616119840143,1,0
1335.2927856445312,797.751708984375,340.9635311220883,182.77719728077918,1,0
1145.4077270507812,857.887939453125,335.5023371254364,250.51136787317589,1,0
1400.9707763671875,823.9829589843749,339.9046693855945,204.267517198813,1,0
1232.4628784179686,899.0378173828125,335.48486609086757,275.5387646842433,1,0
1683.9197021484374,515.5799926757812,163.464325956427,9.74995302908938,0,1
1473.2639648437498,852.646728515625,339.2642903252687,222.51364480877155,1,0
1325.279736328125,943.1516601562499,335.14608238978565,298.2877869496686,1,0
1547.7180908203125,883.2957275390625,338.75548573696034,237.18386054971182,1,0
577.099932861328,758.783935546875,321.6116119743569,119.16074203021422,1,0
1625.243115234375,914.4326660156249,338.4037647010656,245.84178388829605,1,0
1118.3555053710938,846.7027587890625,334.61532307623884,257.2313832902734,1,0
644.303173828125,779.896875,326.7219474722439,159.7037859161445,1,0
1211.3694213867188,890.7931640625,334.50077009164534,299.0994945856923,1,0
1218.4255737304686,766.0913818359375,336.085690730019,188.81167527758538,1,0
702.9199401855469,805.7867431640625,331.8394601896051,201.26798742310115,1,0
1311.8803344726562,939.21650390625,334.48048650649395,321.4299774125061,1,0
1287.8486206054688,791.9984619140624,336.27185942342237,221.3399167178585,1,0
758.600518798828,827.4708251953125,334.064264455502,185.51886600471016,1,0
1361.5017700195312,824.90302734375,336.82504643143926,231.80615858369063,1,0
811.1458740234375,851.2822265625,335.31829054630833,175.92364044381884,1,0
1437.7351318359374,856.888037109375,336.7314362443881,244.7499484435939,1,0
864.5626831054688,880.5581542968749,334.54657730561775,177.5976839085867,1,0
1515.7319824218748,892.6664794921875,336.5512476199068,252.43788384549288,1,0
918.573193359375,909.7628173828125,333.30286504777695,183.287062028487,1,0
971.7487426757812,938.2532958984375,332.6648032515366,182.4088194581585,1,0
1028.1931640624998,969.1162353515624,332.225601005643,186.79869259866726,1,0
582.4170227050781,931.1083007812499,320.8592181602753,245.36718410584146,1,0
700.7476318359375,981.6177246093749,324.8137143520579,326.3384393690865,1,0
412.68034057617183,620.7186767578124,330.7836652149272,106.50133941483998,1,0
458.37615966796875,630.6299560546875,334.62094980370176,133.5583686463143,1,0
1326.7129394531248,794.8767333984375,331.7398192212143,176.74938843073534,1,0
1377.564697265625,828.922119140625,330.28146388655125,189.64707013666637,1,0
877.26708984375,866.200341796875,328.9033948053858,195.89763055847772,1,0
1431.3580810546875,864.5401611328125,328.708020226689,188.3801679919696,1,0
937.6657470703124,904.33740234375,328.040761080671,212.83273868476724,1,0
1485.7074462890625,916.472900390625,325.6275630269751,208.50178855100364,1,0
997.3704711914062,934.868408203125,328.92110144877347,207.31444946700992,1,0
1056.2829345703126,965.4658447265624,330.447076141305,199.96279145308162,1,0
1161.50830078125,834.2263916015625,337.86232353790876,220.13444337656244,1,0
758.4687744140624,964.1972900390624,329.6081433937783,192.1666123583381,1,0
1232.2816772460938,861.815625,338.0547660600847,233.0956738421517,1,0
1683.8958984375,515.2539550781249,154.74418128074717,8.812613145861988,0,1
1347.735791015625,380.23974609375,181.60969339950438,10.365056884628899,0,1
1297.3072998046873,888.7124267578125,338.0880916551427,219.26357485752288,1,0
1341.9114624023437,377.82923583984376,178.27397344349993,14.698875199801966,0,1
1356.8853881835937,915.6448974609375,337.50704445454863,203.39736281358304,1,0
818.897021484375,818.9190673828125,332.8543350764355,158.1282773476628,1,0
1327.7657958984373,380.6499755859375,179.43511253761108,29.931380919073906,0,1
1410.7348388671876,937.5426269531249,337.18753609082836,185.0524677731357,1,0
865.9304077148438,841.9939453124999,333.0833375305757,162.68070739418454,1,0
1314.0896484374998,382.68947753906247,183.62471098396676,42.32239622382271,0,1
909.8654296875,865.1186279296875,333.0802561993331,152.88865486487114,1,0
1666.7126220703126,898.9434082031249,345.3004928068503,195.7019666884817,1,0
848.4263671874999,592.6773559570312,337.8116156895733,150.82755355899326,1,0
1296.841259765625,376.22438964843747,178.91712443291328,46.81259071661963,0,1
951.8416625976563,886.8472412109375,332.8207325467404,145.22761786610974,1,0
897.624609375,606.1720458984374,338.59674683799904,161.2946190181112,1,0
1273.1963745117187,372.265869140625,173.6302517259067,63.23803205732678,0,1
2804.28544921875,918.9580810546875,158.17856830706194,338.1642398442053,0,1
989.8894775390625,906.06884765625,332.8524745844767,134.70493924212113,1,0
391.3006072998047,643.3742431640625,340.336967644701,49.813281501492256,1,0
947.8799560546875,609.5590209960938,343.3045291379267,151.16313111887308,1,0
1136.313427734375,827.1228515624999,335.9390876604644,208.46615803734466,1,0
1246.0382446289063,365.31837158203126,171.33177020968574,77.86280083730807,0,1
2724.4115478515623,884.651220703125,158.4845667268704,287.06950378876843,0,1
1273.078857421875,755.317236328125,333.52719095582444,145.28990624651465,1,0
1024.5845581054687,924.9447509765624,332.6545561782691,123.0501428364213,1,0
428.9778717041015,670.670068359375,337.967984325131,103.53023676914373,1,0
1005.98203125,647.5114013671874,341.62979186528486,173.78918006462558,1,0
1201.5288574218748,854.9489501953125,336.26096385781085,215.97179950659506,1,0
1215.3086059570312,356.120654296875,168.56543142235188,90.05559792365125,0,1
2652.797607421875,855.7231201171875,158.0279701472716,245.9881679078589,0,1
1315.4526123046876,778.189453125,334.407534147895,157.6047729663076,1,0
1058.7571655273437,942.5015625,332.4407534866974,116.74953136013089,1,0
461.50933227539065,701.77236328125,330.879605890681,136.84531544214585,1,0
1055.6766723632813,674.6787597656249,336.5234456118523,188.72026034866562,1,0
1258.0893310546876,881.77236328125,336.0889115394781,200.0145315466443,1,0
1184.9380737304687,348.6869750976562,167.04848493649183,94.88998788163654,0,1
2593.725073242187,824.087109375,156.87100224118794,215.84126694817877,0,1
1391.23154296875,804.3870849609375,335.62310398126596,191.71396880340737,1,0
1093.713134765625,961.2527343749999,332.3806399579723,117.00821102642385,1,0
491.9808654785156,727.51171875,325.7049824091442,127.15516292664579,1,0
1108.1814331054688,699.608642578125,335.1097870075641,171.8960865051558,1,0
1312.0743896484373,906.845068359375,335.5941757005453,182.99839802487296,1,0
1154.1096679687498,342.5089965820312,167.21332359292845,93.94764571827626,0,1
2544.548583984375,798.8265380859375,155.0318865567023,183.25314529984132,0,1
1458.968115234375,831.662548828125,337.1998144209445,229.50112586318608,1,0
525.9015380859374,747.1577636718749,325.3520951536535,118.05101921479928,1,0
1161.7976806640625,717.6727294921875,336.24391754257874,171.57776613407225,1,0
1359.5032470703125,932.2213623046874,334.77716885844643,169.73388201301222,1,0
1122.85078125,336.8385864257812,168.00635430070938,94.71686709693556,0,1
2498.794189453125,775.763818359375,154.22802878563178,159.62391588404117,0,1
1518.528076171875,855.878173828125,337.51061132038234,205.76853591997767,1,0
558.2673522949219,765.45849609375,327.2953845268214,114.45507207971013,1,0
1215.3264038085936,739.8318603515625,337.51570970211156,171.49792855385996,1,0
1094.2114746093748,328.70555419921874,167.61294763776576,92.1100554613995,0,1
2454.621533203125,753.9829833984375,153.93526990794487,150.5812747917172,0,1
1572.1101562499998,878.0265380859374,337.593120256871,183.22660717071003,1,0
591.5907348632812,781.85830078125,329.2390693999428,111.32563035865071,1,0
1254.7766235351562,762.9895751953125,336.1158015216735,154.99678607281265,1,0
1064.3670776367187,321.2969604492187,166.61497297779172,90.67959573833448,0,1
2415.7115478515625,733.9283935546874,153.67033064361163,139.3922823803477,0,1
1618.384716796875,898.89228515625,337.2341205517191,162.92758566719567,1,0
620.5848266601562,797.68916015625,330.60422027497043,105.13334566100082,1,0
1314.4740234375,783.2375976562499,336.2121710939385,162.18680193942677,1,0
1032.250927734375,318.3500610351562,168.17371415478115,94.13578312467256,0,1
2377.639379882812,713.91328125,153.20329236947532,130.04915103170723,0,1
650.8010009765625,814.2977783203124,330.87574224194975,101.17021992299499,1,0
1366.910595703125,803.909619140625,337.7080670476577,178.87160967694123,1,0
1006.7232788085937,313.8776000976562,169.97053114337695,87.09187643340792,0,1
2341.0108154296877,697.6950439453125,153.57175342168034,124.41222438761291,0,1
682.2857482910156,832.8299560546875,330.66024531861785,106.40288473641202,1,0
1413.2751708984374,823.4185546875,337.7725025315984,159.82890852938073,1,0
979.6526000976562,309.67225341796876,170.23495338070865,79.88416359691989,0,1
2307.2033935546874,682.7987548828124,154.60982953984524,115.38794240961084,0,1
710.6449401855468,856.1334228515625,328.41351066493246,109.41645254713688,1,0
1454.4498779296875,841.7054443359375,337.32242932071046,142.88233660609293,1,0
953.7624755859374,305.43381958007814,170.51749861303222,80.36417722671457,0,1
2279.0257324218746,671.9518798828125,155.7444136171133,100.57681526323243,0,1
747.7916198730468,876.8357666015625,327.4910733505284,118.25380282634754,1,0
1494.6522216796875,858.7559326171875,337.00444287405406,132.94465681615694,1,0
927.5081176757812,301.7554138183594,170.85729684383435,79.0340346812721,0,1
2252.4094482421874,662.042724609375,157.14794247222116,87.80233238220048,0,1
774.4094970703125,896.99677734375,327.4331734116802,113.48843946625024,1,0
1533.5978759765626,877.588037109375,336.4475967793829,130.22285011974995,1,0
901.4750244140625,298.1641845703125,171.34829267211094,79.10647663203311,0,1
2227.046630859375,654.8962646484375,159.0223938046001,81.97667474667385,0,1
818.1468383789063,919.2139160156249,328.0349166345048,123.0758272410388,1,0
1571.571533203125,895.5157470703125,335.6512855690122,127.74990646360868,1,0
878.8738037109375,293.706005859375,171.04987024262488,73.87003635539881,0,1
2206.8069580078127,647.298193359375,160.24646123322484,71.81854043805416,0,1
856.7401062011718,940.6687499999999,329.64352898237155,139.6549564918022,1,0
1608.2068359374998,911.566552734375,335.59655761139334,122.8500411531858,1,0
855.2465698242187,290.0086669921875,170.62790576390927,70.34315400135827,0,1
2193.3064453125,641.6386962890625,159.5673138125324,54.32276146495722,0,1
887.2657287597656,959.8075195312499,329.61581139246096,120.11647828884652,1,0
832.1399047851562,284.4722900390625,169.90610921458892,71.38466712329365,0,1
2181.192700195312,637.1593505859374,159.10236797781232,41.280556964579574,0,1
922.595343017578,981.1406982421875,329.1402103344727,115.8302965210332,1,0
814.070361328125,282.31569213867186,169.71062617491856,62.77025862327819,0,1
2169.485815429687,634.1927490234375,160.51805755478108,37.398482862004784,0,1
795.4409912109375,279.01124267578126,170.44081883540372,55.59891496865057,0,1
2158.5522216796876,632.5461181640625,163.70405498107075,34.62391985780369,0,1
1683.3913330078126,516.1952270507812,164.79776834484687,8.722963979902625,0,1
778.0283569335937,277.50221557617186,171.2217134145592,54.4885237155677,0,1
703.1394287109375,960.9223388671875,326.8499134269743,219.33542449367243,1,0
2150.810888671875,628.8922119140625,163.8841828199295,29.08979260146359,0,1
763.2250854492188,273.7634582519531,171.03227197185674,48.91187454852234,0,1
2143.5961669921876,625.8120849609375,160.63455863783196,24.578657790726265,0,1
346.43629760742186,577.8402465820312,331.5502493352843,57.52531035205275,1,0
485.3682861328125,635.8916015625,353.2063516790679,81.02140006268641,1,0
713.8248962402344,269.5513000488281,171.79555103808224,96.94391449645904,0,1
2138.2924072265623,623.636572265625,159.27107629635535,20.345110520877515,0,1
362.15348510742183,588.9023803710937,331.4246714248634,59.83868986393348,1,0
694.4036499023437,266.6471923828125,172.7159262223,103.67888356778656,0,1
2133.676318359375,621.02783203125,157.26360927175713,16.50342587889016,0,1
380.502099609375,596.708642578125,331.26231094444137,58.35495068577692,1,0
650.8062927246094,504.45600585937495,338.1365573480819,125.08730853458596,1,0
681.1962707519531,265.0511901855469,172.48849937495325,49.356876814706695,0,1
1662.2630859375,464.18745117187495,180.36657574326665,24.96501015768981,0,1
2131.449169921875,620.108349609375,155.44831101116952,11.53731833150485,0,1
399.0925231933594,606.4090942382812,332.6142167823137,61.25513355307182,1,0
692.9213928222656,520.0380981445312,338.60748817089956,136.6047878949341,1,0
674.0459289550781,262.8268615722656,171.24169424844433,31.038583103596547,0,1
414.7275146484375,617.4802001953125,331.06702961485064,59.99317028502711,1,0
735.14091796875,535.4247436523438,339.09894421659357,134.62676016134566,1,0
660.7608032226562,263.4992248535156,173.00782704928585,30.710761088007658,0,1
431.60194702148436,617.064111328125,335.38156099339204,51.26522394229392,1,0
777.5924560546875,555.6993530273437,338.32354123831686,137.6739968066233,1,0
650.0142517089844,262.4307861328125,175.4270047956488,36.01639504693378,0,1
1651.1642578125,463.36567382812495,180.52404493204511,14.702049858060988,0,1
2124.38525390625,616.7908447265625,155.09198437716353,9.029520578849393,0,1
454.3459350585938,627.589453125,339.50315520817713,61.270503633697935,1,0
820.7126953125,565.777001953125,339.1822985382817,136.05691092839453,1,0
648.8293212890625,260.6300354003906,171.8476785007617,18.389031912141853,0,1
1642.7852783203125,461.3689086914062,174.3596464578402,20.906821196896693,0,1
2118.436743164062,614.9642578125,157.7008370986616,13.901557384679968,0,1
474.070166015625,634.2710449218749,338.8793276898866,68.66388607045693,1,0
862.8671997070312,578.3424682617188,341.5611118585315,132.21244475040362,1,0
503.64580078124993,454.03941650390624,340.16803215433384,109.54233451878154,1,0
694.2654602050782,774.868798828125,335.57139312067045,110.22138827016272,1,0
1635.3242431640624,457.4629760742187,168.44073057220658,25.330788510044542,0,1
2113.0231201171873,612.8389526367188,158.94917695667831,18.026638902282865,0,1
493.3764587402344,638.9439697265625,340.83942036774215,60.91195380438381,1,0
903.4647216796875,600.7880493164063,339.7636919476561,134.64576985880856,1,0
533.617529296875,468.0852905273437,339.60110354513,109.5032453676088,1,0
725.5184509277344,791.2002685546875,334.7895369688464,114.32910687302993,1,0
2107.2837890625,611.6470092773437,160.74383543657908,17.436307612531948,0,1
516.7073913574219,639.975,345.4557653756037,64.4611399719588,1,0
943.8829467773437,607.3282470703125,339.98374658020305,128.9384275277308,1,0
568.1407470703125,480.87919921875,338.7227436247119,104.68051440487031,1,0
756.8444091796874,802.749169921875,335.2680904317981,102.66036742446654,1,0
2100.2940673828125,607.9777221679688,160.08555033995995,20.418167318614596,0,1
532.6950988769531,673.441259765625,334.76826492202525,78.38206392664894,1,0
982.3556762695312,609.281103515625,345.53242899111245,118.90129884754462,1,0
600.5840515136719,493.4362426757812,338.9397501120166,107.29925647199163,1,0
787.9707641601562,814.0697021484375,337.11595730360773,99.66220649695036,1,0
2093.8830322265626,606.2475219726563,159.27305365502295,21.64983328603848,0,1
1019.7917724609375,605.1492919921875,351.9771445924504,113.79634253571858,1,0
633.8311706542968,505.814501953125,339.04938380448016,105.2904040737891,1,0
818.7641235351562,836.6133544921875,334.7997913204,105.75677932561027,1,0
2082.5029541015624,602.2775390625,160.4577533851203,27.99495186409075,0,1
669.0099975585938,520.1671142578125,338.89430933184536,110.08275536161719,1,0
849.6219360351562,854.1060058593749,331.6799886461742,110.15538034541642,1,0
639.8786499023438,252.345263671875,162.1794262157483,16.66282693562663,0,1
2071.08251953125,598.3164184570312,160.6026090865084,36.17463879897836,0,1
703.5415466308593,533.4318603515625,338.69173506338143,112.36018650080567,1,0
881.1471313476562,870.2391357421875,331.6777447396098,106.1964322460537,1,0
333.8436218261719,591.71484375,325.96495382321194,53.362735805488484,1,0
636.1439208984375,251.4176513671875,159.08242425178247,16.220206037775494,0,1
1537.5672363281249,429.27637939453126,167.50325728387992,67.61236586752513,0,1
2055.8363525390623,593.2358642578125,160.86959389155138,42.194447522163685,0,1
634.2736999511718,743.3422119140624,331.39412953345385,99.78062594781429,1,0
739.0670654296875,549.109716796875,338.2362664593995,113.58668047385488,1,0
912.9782592773438,889.05,331.4551255410678,108.42263028939071,1,0
348.94532775878906,598.8891357421875,328.12058040471106,62.86082451525134,1,0
632.4580993652344,253.3793518066406,170.62279114353947,11.227157700657813,0,1
1512.11396484375,423.54517822265626,167.58466360911237,76.04784608378996,0,1
2041.15341796875,588.1577270507812,161.02235342485582,47.361896647524816,0,1
663.6845397949219,759.4327880859374,330.4759508833245,98.73973284567963,1,0
775.0923706054688,560.6638549804687,338.60709963146337,114.72202893327956,1,0
942.5503417968749,903.3611572265625,331.5357793144635,104.54582809162041,1,0
359.5139190673828,610.6639892578124,326.2988368148064,47.81216193791759,1,0
1484.546484375,413.8139282226562,166.04748704857036,82.76135100053713,0,1
2024.5587890625,582.5305297851562,161.0556217448242,49.53879518775761,0,1
697.0816040039062,777.6474609375,330.8283440460172,107.24165947430338,1,0
810.69111328125,574.4271240234375,339.3773409586469,113.83656717702517,1,0
971.6010131835938,917.1460693359375,332.6786850504542,97.414312532426,1,0
383.3750061035156,625.256103515625,324.8010430043624,64.98418503406812,1,0
1065.108544921875,796.2717041015625,359.5116472890903,50.928309915991285,1,0
2003.4265869140622,571.8496582031249,159.28247651167186,61.58944869892504,0,1
734.1748901367187,790.5626953125,332.9661328306834,115.47177399428968,1,0
845.9106079101562,586.8649658203125,339.5050810605482,113.15145962616401,1,0
1001.1568725585937,936.8584716796875,331.706939113257,101.15490628446706,1,0
400.0263610839844,636.1370361328125,326.016430273672,71.71130666624869,1,0
1082.9401977539062,793.2767578125,359.48068332563145,58.20985298175144,1,0
1421.4818115234375,396.70217285156247,164.33838290525426,97.91953580225618,0,1
1983.9863525390624,563.7107666015625,157.6156838820004,67.02015229075974,0,1
772.1665649414062,812.0181884765625,333.94115631510516,123.74300438464785,1,0
879.0982910156249,604.75693359375,338.1385905627471,112.13197013258845,1,0
1027.8283447265626,948.5993408203125,331.33519622688505,96.54375567424121,1,0
427.5629699707031,640.4322509765625,332.0279413568734,70.01212615165049,1,0
1091.5071166992188,799.043115234375,357.29114970207564,39.775698065146464,1,0
1958.5927001953123,558.0974853515625,159.74834285867047,70.27316453231451,0,1
807.7183959960937,831.04599609375,332.8321541171314,125.79868668658987,1,0
912.3570190429687,610.0015869140625,339.20391334963153,105.43349190129041,1,0
1053.5633056640625,957.4442138671875,334.22297011053195,84.37251457912365,1,0
1098.974523925781,806.8252441406249,342.2959988984832,31.456437577920962,1,0
629.1076538085938,249.77644042968748,137.32321548731838,9.101029909023838,0,1
1360.3435180664062,380.22425537109376,164.95839918079568,94.88500000463867,0,1
1926.6009521484375,550.8261474609375,162.7871533734297,88.13300716841779,0,1
839.713330078125,847.3230468749999,332.66135424189815,114.21096841338235,1,0
946.1599731445312,610.697607421875,345.4974100830814,100.88555825898808,1,0
1081.8425170898436,972.3065185546875,335.0549867480948,88.39331359519947,1,0
1108.0408447265625,801.937646484375,345.4055828961041,25.152626578280916,1,0
615.884033203125,251.39615478515623,154.65525608211234,24.104841056814553,0,1
1328.6118896484375,377.03448486328125,167.0563584677012,95.77878281504654,0,1
1898.126953125,541.0020263671875,163.35742391915574,94.15982097018396,0,1
864.6403564453125,860.931005859375,332.51671393844225,96.33888614944821,1,0
977.9473022460937,639.615380859375,341.57883918677055,107.8407099779707,1,0
1109.2223510742188,981.56220703125,335.66183611841217,90.89874677962706,1,0
1118.5049194335938,798.5765625,0.4020746831973838,31.769542841633108,1,0
618.5145080566406,251.10992431640625,167.66305569433143,15.99912065554652,0,1
1298.1983642578125,370.98193359375,168.85017002863646,94.14884278466707,0,1
1868.8727783203124,531.6299560546875,162.65710531904085,91.16304557288032,0,1
887.0945068359374,872.9512207031249,332.1465601589992,80.72152603317316,1,0
1013.0320678710937,656.2058349609375,335.25277470143317,121.21085667062114,1,0
1128.768420410156,803.7772705078124,358.2125031529469,31.182394348794567,1,0
1269.366357421875,918.0589599609375,356.09991326328355,67.26390738441192,1,0
1266.1803588867188,365.70754394531247,169.19677996354113,95.08101972816893,0,1
1838.8008544921877,521.0493896484375,162.1587056520627,93.79343043307438,0,1
907.3708374023438,882.984521484375,332.36849946467436,72.05675854465458,1,0
1046.4099975585937,670.91015625,335.3254765557182,112.80147192366728,1,0
1139.7295166015624,813.9873046875,344.534450865132,39.30459739963549,1,0
1293.4392333984374,925.6833984374999,352.96629558549,73.97616016481425,1,0
1233.7235961914062,357.75010986328124,168.87907265146902,98.62914289726875,0,1
1804.9935058593749,512.5265258789062,162.63539568168952,99.91199036577493,0,1
926.10498046875,892.5913330078125,332.73177637984617,65.4478324616399,1,0
1089.9733520507812,688.0134521484375,336.21118244576314,124.7603583520991,1,0
1153.9840209960937,823.3470703125,335.594670771152,47.830223714770014,1,0
1320.777392578125,933.2158447265624,349.20919671002247,80.3178028603751,1,0
1201.1245239257812,351.00172119140626,168.23240700843263,99.94592601282159,0,1
1777.9288330078125,504.27253417968745,163.41777050840315,94.6178323934377,0,1
945.4452026367187,901.7302734374999,333.15381254746796,63.59476003059772,1,0
1125.6681884765626,695.46181640625,338.84218384731395,124.33630365548485,1,0
1168.7807739257812,839.337890625,328.91341667276794,57.77744071274679,1,0
1354.170849609375,949.6795166015625,344.9015827271522,97.852754761,1,0
600.929150390625,246.87511596679687,168.72461720262706,23.97662588939759,0,1
1167.68408203125,342.63489990234376,167.78269487707183,101.51932379420576,0,1
1747.91162109375,495.5537109375,163.426902354651,89.2384757831193,0,1
964.6551269531251,911.6562744140625,333.36642458981134,64.44577059687875,1,0
1164.332958984375,712.819189453125,339.92600487715356,117.46450872583031,1,0
1182.251220703125,850.995703125,323.6015726656122,59.25207332305092,1,0
596.7956726074219,242.96098022460936,161.90111901579854,19.360196363080828,0,1
1133.4015014648437,336.9645629882812,167.98559511569056,103.64009012401716,0,1
1720.3100830078124,490.41152343749997,164.64562254536006,88.80499643709663,0,1
985.0761108398438,920.6098388671875,333.83088515532256,65.78143164978114,1,0
1204.225634765625,729.0287841796875,338.70095065596473,128.01460441503687,1,0
1202.7900146484376,862.8931640625,324.2781385924377,61.99305156855655,1,0
564.9588684082031,242.72772216796875,166.50979457279783,54.2586278516885,0,1
1101.0532104492188,332.3199462890625,169.2713739620665,101.0358044695222,0,1
1691.2184326171873,481.253759765625,165.12471319604165,87.61565681407748,0,1
1006.6030151367188,929.3220703124999,335.1634325808834,68.20578452309121,1,0
1241.2974975585937,749.7476074218749,336.9676922218373,127.92015115855914,1,0
1227.6896484375,872.7015380859375,328.3534025731286,75.4595420745789,1,0
722.4047790527343,784.39013671875,337.40539750572736,103.00638896251733,1,0
571.829443359375,235.91625366210937,165.6028822312676,38.872780284247696,0,1
1069.317333984375,323.84783935546875,168.93582057248156,98.02111647237841,0,1
1663.2454101562498,470.2869140625,163.30447982009724,90.67329410399122,0,1
1030.692626953125,939.8929687499999,335.9321089170072,74.21298437075237,1,0
1286.4180908203125,764.833740234375,336.7649883045568,134.3446057855478,1,0
1258.6048095703125,886.9960693359375,331.6694480607225,91.10397863704095,1,0
763.3762573242187,796.3327880859375,338.87696106682677,121.75025201704315,1,0
466.01081542968745,851.1069580078125,319.65677731722315,116.9177431745288,1,0
564.0294250488281,227.34451904296876,136.74475789735882,23.093789813354686,0,1
1036.2239501953125,318.84719238281247,168.66547461328898,99.22239250825749,0,1
1633.4077880859375,461.08095703124997,162.28819282465923,91.75201930122302,0,1
1060.3001953125,955.014111328125,335.3315347644742,89.20135410028404,1,0
1324.2688476562498,780.0567626953125,338.0321614907548,132.36858280411494,1,0
1298.1397705078125,908.21015625,332.3019714740587,118.22105283034472,1,0
804.0586303710937,807.3819580078125,341.0357837220238,127.1165252920702,1,0
497.8833984375,883.0144775390625,318.8819069483807,130.86499106339915,1,0
556.3213256835937,243.38237915039062,164.3299412711535,25.791850822714334,0,1
1005.3114990234374,314.4932373046875,169.87326843797538,96.9318002809659,0,1
1603.1926757812498,453.29787597656247,163.05439017756555,93.52088090775646,0,1
1092.7553100585938,972.3275390624999,334.1621159818922,104.93553508274302,1,0
1360.087646484375,798.0671630859375,337.1069618246305,121.10695748670535,1,0
1346.8077392578125,932.664404296875,332.4317782874413,148.83789189641598,1,0
533.3817626953125,908.0334228515625,319.25041429009343,132.169759946001,1,0
973.2811889648438,308.19301757812497,170.0810571534419,95.66148405710065,0,1
1577.6786865234374,442.8932739257812,162.6028142443301,87.84497199552767,0,1
1392.2115234374999,812.187158203125,336.1403064583808,112.62282586956171,1,0
574.3682373046875,935.9827880859375,321.66868967135247,139.41358037583498,1,0
942.6348266601562,304.26963500976564,170.34291447807976,95.16236453199407,0,1
1551.2568603515624,438.5533081054687,163.22199494362297,80.90147447003217,0,1
1421.0891601562498,822.5050048828125,336.95156252061446,98.47324561626291,1,0
613.6823181152344,959.4964599609375,323.939211134321,142.92140896675969,1,0
1392.173583984375,433.894482421875,186.80844980553448,15.919262202031396,0,1
911.7664306640625,299.2903198242187,170.9117761468636,93.14031886413076,0,1
1526.4658447265624,435.16314697265625,166.49979795558613,77.61181836458991,0,1
1445.281494140625,838.95234375,335.4655253901938,89.06693752950424,1,0
695.5885986328125,979.972412109375,330.3854008723604,193.2396732450343,1,0
989.9899658203124,786.4078125,332.060061233135,127.7710862105735,1,0
1684.178466796875,512.8713134765625,130.54287486355275,11.541088438304362,0,1
880.2345703125,294.5291381835937,170.99822360360702,94.63922936585146,0,1
1505.453759765625,432.582275390625,168.92893168342624,69.21677620705121,0,1
1466.297314453125,849.54873046875,332.9240922311849,78.94046028484406,1,0
732.8849853515625,996.9504638671874,335.25406101125066,187.23521845490575,1,0
1041.1559692382812,808.7616943359375,333.26150389009723,162.43440606582246,1,0
850.5860595703125,289.522265625,170.97042292707636,92.84003118518078,0,1
1488.40283203125,429.3583740234375,169.88894221256257,57.69694555165272,0,1
1480.9789306640623,858.4546142578125,332.2949671422429,60.955046468999655,1,0
1095.4130859375,833.0562744140625,334.4093769615067,172.7513788688477,1,0
822.5071655273437,284.2811645507812,170.55566285217398,87.85710869559743,0,1
1472.602001953125,425.2276245117187,168.88578274449193,50.44697852094333,0,1
1493.1407958984373,863.67099609375,332.2774972946497,45.452069682581524,1,0
1150.962744140625,858.6685546875,334.86896279448683,180.7432758050236,1,0
795.3202148437499,279.154541015625,170.08338087789863,84.26061143519166,0,1
1458.8118896484375,421.67677001953126,167.51051934401588,45.811789000241504,0,1
1502.1158203125,866.4794677734375,335.05057090482995,33.879603709043195,1,0
1201.743017578125,880.40537109375,335.31994567574907,174.41933904863131,1,0
741.9421508789062,274.5450439453125,171.29376232662574,121.60516127458895,0,1
1448.0765991210938,418.34490966796875,166.23589551963428,38.1711350914159,0,1
1507.624658203125,869.855859375,335.78100964107347,23.600080885573437,1,0
1067.8924072265625,922.65791015625,336.02748557826453,74.9903110973646,1,0
1246.79443359375,900.639404296875,335.7312882392604,156.77265756773838,1,0
695.4214965820313,271.8391479492187,173.1009832291,150.0992102511012,0,1
1437.8216308593749,415.2633911132812,164.94551884580704,32.889373372536234,0,1
1512.2035400390623,870.7569580078125,336.27725591924013,16.419297205898133,1,0
1083.7143310546876,930.71337890625,334.3434569652151,62.35053576219254,1,0
1282.6589721679688,916.81640625,335.7479443711362,132.9632394627729,1,0
676.1198181152344,267.4479675292969,173.39900805235956,99.20654839178877,0,1
1432.9427124023437,413.949755859375,164.4896110294461,23.615161974092025,0,1
1512.973974609375,871.9051025390625,337.3819177280687,8.584018207496666,1,0
1093.787109375,937.1355468749999,332.9223134527919,44.4562125432394,1,0
1307.8654541015626,922.3755615234375,337.61218217004813,97.13861958128795,1,0
664.215087890625,262.1968139648437,169.17124442656691,48.94424643536213,0,1
1429.9977172851563,412.8838256835937,163.92711992924924,12.254403630030225,0,1
1098.8005737304688,941.6558349609375,329.3716348850234,27.927343015326734,1,0
1327.4822021484374,925.947509765625,341.96155809021275,68.5472144144843,1,0
1682.3735595703124,508.44444580078124,135.59353538330473,9.648565627542492,0,1
665.6578308105468,259.5221923828125,158.6440341352256,19.66814414115764,0,1
1358.3204956054688,379.3432983398437,160.40436467324966,123.26103625839269,0,1
1101.1046264648437,943.9117675781249,324.502769186057,14.944742840783144,1,0
1338.4096069335938,929.6060302734375,343.84973180707505,47.035404409020465,1,0
649.1522277832031,256.8401733398437,159.35587746509418,23.956505232452958,0,1
1331.4473144531248,366.34548339843747,158.13140592000696,163.31603496161716,0,1
1345.3369995117187,936.0936767578124,338.46670446804075,30.773635309087805,1,0
641.1093200683594,254.80585327148435,163.2633926499895,37.458738097218856,0,1
1322.5015502929687,364.1975463867187,157.71057176909684,58.27592461359838,0,1
1349.4208374023438,942.2109375,327.5357782483208,25.080585824547878,1,0
632.5496520996094,252.00336914062498,163.46109602064706,25.913254752911453,0,1
1320.3982177734374,362.6114135742187,159.15721881462582,17.477038773353165,0,1
1350.7227172851562,945.4445068359374,316.4975807757541,16.170211500958732,1,0
1462.9306640625,414.1255737304687,179.1198854310658,134.2490122487325,0,1
625.5910583496094,249.18609008789062,162.11374478719844,24.73200276326392,0,1
1434.78310546875,413.66217041015625,179.2113998757925,176.71953692797754,0,1
618.5183349609375,248.11376953125,163.0707177102476,21.818863428484566,0,1
1426.63681640625,414.835400390625,179.97501381839766,54.39678567220211,0,1
587.0721679687499,316.84877929687497,162.4593540969207,72.9069892528282,0,1
616.2325561523437,246.50302734374998,163.443436662125,14.588694340537359,0,1
1426.121337890625,416.2602172851562,186.66353254294947,13.550966959227718,0,1
563.0685791015625,310.86298828125,162.29735884834952,75.33918665432718,0,1
542.9948181152344,306.4339965820312,164.06071075355604,67.86872712143357,0,1
612.4687316894531,250.69008178710936,189.2848669805968,8.436683142709208,0,1
524.0466064453125,301.29743041992185,164.92703924552706,60.20572209920777,0,1
609.7742980957031,243.52175903320312,162.9790015079139,11.86675717200854,0,1
506.2943298339843,295.33408813476564,164.225135258558,57.4560299289718,0,1
609.2271789550781,245.34878540039062,146.288575373963,9.362590260993697,0,1
596.6039062499999,240.88207397460937,151.9786693051107,20.0652945648689,0,1
1442.6833740234374,412.03150634765626,183.2605148516204,116.65344877347216,0,1
595.3179016113281,230.6359680175781,141.48824626274526,27.925706853802712,0,1
1436.4034423828125,413.1287841796875,179.54338828250837,35.66940953478379,0,1
1434.2177490234376,414.64427490234374,186.58680721776042,13.276196098248782,0,1
583.1767272949219,233.22848510742188,146.61838520435165,22.472806071938816,0,1
1683.0343505859373,504.8066528320312,176.28458183128305,14.027875927520402,0,1
564.8798950195312,230.0225830078125,159.51570302496526,43.166898737685926,0,1
530.7181640625,228.6435791015625,165.71142645573332,78.90890657061757,0,1
634.4086120605468,257.3114501953125,149.40845572336036,14.784173879739168,0,1
1681.3667724609375,511.092333984375,176.9273029256354,9.744939053357122,0,1
1675.7865234375,511.26683349609374,184.1178817114221,20.709469628102156,0,1
1669.0985595703125,510.8982055664062,182.10810699106742,18.386236826084172,0,1
1663.447412109375,511.388232421875,181.49033980578258,18.491071690591234,0,1
1660.5705322265626,510.2882446289062,179.25777505062823,12.811907626238867,0,1
1393.5440185546875,444.73956298828125,313.6610714114269,14.222919748168664,0,1
906.4861816406249,407.6507080078125,163.19849230995777,107.1784400130089,0,1
1652.49462890625,508.98500976562497,178.19452011785728,9.781333338234417,0,1
875.7286376953125,396.1270385742187,162.37645849907034,104.26991457273198,0,1
1647.5871826171874,507.700048828125,172.6976687978516,13.63796351141846,0,1
846.6382690429687,388.2157836914062,162.2296304401509,94.2924125957506,0,1
1106.562744140625,444.88623046875,154.9347336613596,92.28666392416876,0,1
1637.1460693359375,506.25886230468745,171.58995958974327,23.359814946833254,0,1
822.3531738281249,381.87864990234374,163.3592261233427,82.78399237945628,0,1
1079.5692626953123,430.7285888671875,153.77011598993522,98.14420432314817,0,1
623.4059143066406,331.433349609375,163.88034622592716,38.39378288664911,0,1
1619.205322265625,503.6336791992187,171.69258308127542,42.96455870981362,0,1
799.5183837890625,375.53591308593747,163.9909760082087,73.12108009768443,0,1
1051.4609985351562,418.6248779296875,154.06912930508884,91.46827868137285,0,1
611.6074584960937,328.22900390625,164.99943587554864,37.47812374580099,0,1
1591.4206787109374,499.91063232421874,171.85392330774206,69.17676597662026,0,1
780.65361328125,370.46173095703125,164.2698764193261,64.78657134053536,0,1
1024.8123046875,407.01690673828125,155.07575646953873,89.41633051970301,0,1
600.9019226074219,324.9095947265625,164.5330551056598,35.11066142259118,0,1
1554.491748046875,493.877783203125,171.68312666418635,98.0691577482696,0,1
763.1044921875,365.81557617187497,164.5835034739828,56.47693809593307,0,1
995.9964477539062,393.7264892578125,155.3752081633856,91.10403750851181,0,1
590.2690246582031,319.9420532226562,162.23020222771785,34.30234277791343,0,1
1512.028271484375,489.2208618164062,171.94249335931295,120.04320997983953,0,1
748.1928955078124,362.62111816406247,165.3184144422776,50.04127699779,0,1
965.68623046875,382.7176025390625,156.2885614499038,95.79104269086454,0,1
580.0813842773437,316.61839599609374,160.65270510496345,33.58244473977986,0,1
1469.1456298828125,484.4318115234375,172.63921588407268,128.67221714297418,0,1
733.7289184570312,357.46680908203126,164.84482342473095,45.762632327635814,0,1
935.2699584960938,372.04962158203125,157.91534423055964,96.62247828303636,0,1
570.6117187499999,314.72735595703125,162.4487288085088,30.475362964588314,0,1
1424.0499755859373,479.27032470703125,173.00238727485063,132.6761560442496,0,1
721.3489013671874,353.89943847656247,163.70725139520547,42.295658537253075,0,1
905.3513305664062,361.16469726562497,158.88608460198674,96.00738855503882,0,1
561.273193359375,313.87734374999997,166.1525376564445,28.48183523246771,0,1
1375.8864990234374,472.34194335937497,172.84684070988394,140.9183543007028,0,1
710.5058349609375,348.99345703125,162.20619460513265,37.04389365647573,0,1
873.5602294921874,348.9648193359375,159.1275845504752,98.73065356020926,0,1
552.9370788574219,310.9702880859375,166.8912655532081,27.077240169068812,0,1
308.8132781982422,233.23331909179686,143.60202759396418,11.438993971871453,0,0
1325.8488647460936,465.5676635742187,172.53067436931673,148.5801912609199,0,1
701.4915893554687,347.237255859375,161.90501914034448,31.386274594729766,0,1
844.8199951171874,337.0052856445312,158.77333115389672,97.66413524249216,0,1
545.50341796875,306.58022460937497,162.20223556753749,26.038323708619888,0,1
306.28912353515625,233.3107727050781,147.76182822374392,10.024103662910772,0,0
1275.0921752929687,458.82044677734376,172.46217338811184,152.39345137477915,0,1
692.5002685546874,344.1701293945312,163.1444952042138,27.932683368093585,0,1
815.2458251953125,323.19488525390625,157.72748190697916,95.53648385951607,0,1
537.8611267089843,305.28936767578125,161.0623761548686,24.14202600389114,0,1
1221.8902954101563,450.29161376953124,172.13353372617317,157.45494663085594,0,1
1396.7429443359374,444.58740234375,306.6221178677887,16.81183651507246,0,1
683.5497253417968,342.30487060546875,163.73812923723474,27.883360687197996,0,1
786.3817749023438,311.7184204101562,157.27702124595362,95.41644174526239,0,1
531.6349365234374,303.0381225585937,162.90645561131856,21.449061998722208,0,1
1170.618603515625,440.629248046875,171.3291383265065,158.90933246999137,0,1
675.4366149902344,340.1708129882812,164.96660448118243,26.26282826559285,0,1
755.0286987304687,297.33299560546874,157.06924254943831,98.20547820511207,0,1
526.0257751464844,299.3590576171875,159.0982889549914,19.83713340587361,0,1
1120.6496704101562,431.4287109375,170.5758063913565,154.31999767582303,0,1
667.6522521972656,336.8016357421875,163.34222680811615,25.209376102332506,0,1
724.9922607421875,288.5691833496094,157.9772065123317,98.31539887376843,0,1
520.0723388671875,298.362744140625,158.6525233877731,18.689433476130098,0,1
1074.3439819335938,418.0956298828125,169.07617811575966,148.16661718313796,0,1
660.8578857421875,335.06444091796874,162.28397263842587,23.147574467987532,0,1
698.4557373046875,278.61549682617186,159.4634827721992,89.29415303564026,0,1
514.1249267578124,297.2775512695312,163.2231499703588,18.10415942304242,0,1
294.61156311035154,229.83552246093748,151.65538948244608,8.283940858993159,0,0
1030.7064697265625,407.32082519531247,167.44388160084398,139.53752352937627,0,1
652.9461730957031,330.9851806640625,160.73859416481397,23.698123107330197,0,1
509.5159606933594,295.10321044921875,163.07016159253146,16.555673508986228,0,1
990.4337768554688,393.881689453125,166.02771460370087,130.870214558116,0,1
645.6825622558594,329.05308837890624,159.79921794119613,24.459419054200218,0,1
505.6439208984375,293.5234130859375,160.29141893800966,13.898228899925652,0,1
954.3324462890624,383.9670043945312,164.81554792115853,119.67757992024302,0,1
638.8059997558594,327.7224609375,162.6822952774937,21.745825116850686,0,1
502.0275512695313,293.610791015625,163.6663667680743,11.442076195299,0,1
920.0448486328125,371.80048828125,163.92261466417565,110.54615941433723,0,1
632.636407470703,324.8920166015625,162.5333429788087,20.519989115639905,0,1
570.5817077636718,236.77055053710936,160.48757891947926,97.41316295167361,0,1
499.797216796875,292.6813659667969,166.9216472619632,8.851691883692379,0,1
888.572021484375,359.73724365234375,162.2629389499734,105.01828192436639,0,1
626.0267578124999,324.2439331054687,163.42917706638696,19.846473170425778,0,1
857.90185546875,346.2760986328125,160.4258670431447,100.67037531344836,0,1
620.6074035644531,322.2769409179687,165.15146060432065,18.446520324132347,0,1
494.34259643554685,290.6296142578125,163.9074860946646,8.732879032591939,0,1
826.5704589843749,335.1664672851562,159.60829255783494,99.93911729762216,0,1
615.0012268066406,320.81081542968747,164.17268185196608,17.3041974582322,0,1
491.5494689941406,290.50303344726564,166.80114928855858,8.228720519390574,0,1
794.7653686523437,321.10814208984374,159.07153606321825,101.85007246532118,0,1
610.2565246582031,319.47703857421874,164.44912132038806,16.068251173327383,0,1
762.6002563476562,309.2852783203125,158.63197488340154,103.40770873359757,0,1
607.738623046875,318.3800537109375,163.26740543316097,11.47641007028718,0,1
729.7361938476563,295.1722045898437,158.48163939762685,104.91079977255403,0,1
1403.6671875,404.03935546875,188.22939458722354,28.101048851455996,0,1
1391.2900634765624,402.340576171875,179.7030733394316,34.55496829371299,0,1
1378.6970581054688,399.7471435546875,175.9204542023009,37.96655293440303,0,1
267.2597259521484,220.50084228515624,157.52233981892252,8.413743435437576,0,0
1362.7627807617187,394.83900146484376,171.6590588714547,44.20146312562306,0,1
1346.3756469726563,389.426953125,167.9121455158399,50.842721540288025,0,1
1324.4070190429688,382.02557373046875,165.3581601524615,60.5985629173696,0,1
533.0418823242187,229.935205078125,160.46410400084713,104.23100696993764,0,1
1302.0903442382812,375.82423095703126,164.38492769092522,69.42158286714766,0,1
593.724298095703,315.4357177734375,163.6407126020788,10.351587396677752,0,1
333.9936492919922,483.1767700195312,333.3617893162886,124.24828779648006,1,0
1275.7495239257812,372.215771484375,166.07153132265148,74.38039859623981,0,1
589.8392395019531,315.2704833984375,167.22076120035982,11.786945761566574,0,1
371.7467834472656,501.8587646484375,331.2865908744972,158.63479218501735,1,0
1249.1637451171875,368.56080322265626,168.5172295515864,80.05395956278157,0,1
584.3557250976562,312.95899658203126,166.40916990813017,14.521114156766568,0,1
416.6969421386719,522.1083618164063,332.6886931000996,136.97568910494311,1,0
1218.7949707031248,365.63389892578124,170.47351207882215,85.91449192067982,0,1
577.1831909179687,310.66970214843747,163.85452770221534,20.179355199059493,0,1
462.0726745605469,542.1602783203125,333.99504621861274,148.2151963030239,1,0
1184.8998046875,358.8409790039062,170.8438223973949,97.39486278051234,0,1
570.5961364746094,307.021435546875,160.9762183217899,22.456579160252502,0,1
508.0246948242187,566.6244506835938,334.00258952337896,152.24687157044525,1,0
1153.496630859375,350.93089599609374,169.4305067102577,100.29948056588437,0,1
563.9787231445313,305.0475402832031,159.36045058564184,21.505802778229924,0,1
554.4942810058594,591.4629272460937,333.1704111529389,156.9676173155333,1,0
1117.0649047851562,345.0592895507812,169.06462318580841,103.72735840170508,0,1
557.3088867187499,304.47484130859374,163.27644250633887,20.273354553002793,0,1
600.9941162109375,608.2775390625,334.24872254335673,152.65820345266508,1,0
1077.0770874023438,338.61529541015625,169.77679677730146,115.99234688824046,0,1
549.0734069824218,301.4899108886719,164.59614378963843,22.963046781000013,0,1
248.0089599609375,211.03033447265625,160.25032692329918,9.397324684415622,0,0
643.3155212402344,613.9888183593749,338.8569496134676,137.3123660484323,1,0
1036.2632080078124,333.28447265625,170.54965410947392,122.36033704811129,0,1
542.769873046875,299.20037841796875,162.78178338561878,23.176101344407737,0,1
687.4092407226562,617.6016357421875,344.850839194647,130.24480333607255,1,0
995.2118408203125,325.78330078125,170.76644818879336,124.17305956935701,0,1
535.2372253417968,296.3245056152344,161.48030729305222,22.131265800344103,0,1
242.50166015625,208.67484741210936,158.8875853531181,8.975845158623653,0,0
732.1621765136719,663.2783203125,339.30241545540633,152.25234765229692,1,0
951.23349609375,316.38226318359375,169.9627862975227,129.91011193821208,0,1
528.1668273925782,295.32557373046876,162.9439655128488,22.639925483852256,0,1
772.8867004394531,688.1606689453125,331.7659962078501,166.09030774640948,1,0
905.3039794921874,309.23521728515624,169.80610644840667,136.99010729136285,0,1
521.2663879394531,291.73736572265625,162.4956149219824,22.03491043027408,0,1
813.2256958007813,707.35458984375,331.6459836634927,138.2688347176533,1,0
858.5759765625,302.2140747070312,170.4061785059642,140.46126473242828,0,1
513.8445007324218,291.078662109375,162.89083018244114,22.385691498983434,0,1
398.03045654296875,258.96044311523434,162.142519036441,18.727664353990708,0,0
849.7500732421875,724.0070068359374,332.9865227559945,127.0896959192553,1,0
804.9993530273437,293.9480895996094,170.77746940497386,152.04226550267157,0,1
506.77752685546875,287.6999816894531,163.50620765153263,22.538756021113542,0,1
394.64208984375,257.1782775878906,158.4418360331853,11.287734556696442,0,0
882.6838256835937,739.8911865234375,333.7519052340426,114.93674443931043,1,0
763.9368530273437,285.86085205078126,170.54502196083567,143.91850230264552,0,1
498.93729858398433,286.14927978515624,162.78469942376523,23.528071523484403,0,1
390.1717346191406,256.3553100585937,159.72904547577375,12.406490970858588,0,0
913.4483276367187,755.9552490234374,333.5966115694167,106.7850062198074,1,0
726.0427734375,279.7038940429687,170.23642419675613,120.22650912197896,0,1
492.9934936523437,284.1331787109375,163.86768791441352,21.335717528949235,0,1
943.3459350585937,772.85244140625,332.75084368860587,103.45452746266204,1,0
